{
  "patients": [
    {
      "patientID": "P001",
      "name": "John Doe",
      "age": "30",
      "gender": "Male",
      "condition": "Hypertension",
      "lastVisit": "2021-08-15",
      "id": "e1d3"
    },
    {
      "patientID": "P002",
      "name": "Jane Smith",
      "age": "25",
      "gender": "Female",
      "condition": "Asthma",
      "lastVisit": "2021-09-01",
      "id": "85e5"
    },
    {
      "id": "a3e5",
      "name": "test",
      "age": "12",
      "gender": "Male",
      "condition": "Normal",
      "lastVisit": "1999-10-12",
      "patientID": "P003"
    },
    {
      "id": "3100",
      "name": "ahmad",
      "age": "2",
      "gender": "Male",
      "condition": "Normal",
      "lastVisit": "1999-10-12",
      "patientID": "P004"
    }
  ]
}